{"width": 20, "height": 20, "values": [0.0, 4.207354924039483, 4.546487134128409, 0.7056000402993361, -3.7840124765396412, -4.794621373315692, -1.3970774909946293, 3.2849329935939453, 4.946791233116909, 2.060592426208783, -2.7201055544468495, -4.9999510327535175, -2.6828645900021746, 2.1008351841332047, 4.953036778474352, 3.2514392007855846, -1.4395165833253265, -4.806987459397784, -3.7549362338583805, 0.7493860483147617, 4.207354924039483, 8.414709848078965, 8.75384205816789, 4.912954964338819, 0.4233424474998415, -0.5872664492762096, 2.8102774330448534, 7.492287917633428, 9.154146157156392, 6.267947350248265, 1.4872493695926332, -0.7925961087140347, 1.5244903340373082, 6.308190108172687, 9.160391702513834, 7.458794124825067, 2.7678383407141562, -0.5996325353583014, 0.45241869018110226, 4.956740972354244, 4.546487134128409, 8.75384205816789, 9.092974268256818, 5.252087174427745, 0.7624746575887675, -0.2481342391872836, 3.1494096431337795, 7.831420127722354, 9.493278367245317, 6.607079560337192, 1.8263815796815592, -0.4534638986251087, 1.8636225441262342, 6.6473223182616135, 9.499523912602761, 7.797926334913994, 3.1069705508030823, -0.2605003252693754, 0.7915509002700283, 5.29587318244317, 0.7056000402993361, 4.912954964338819, 5.252087174427745, 1.4112000805986722, -3.0784124362403054, -4.0890213330163565, -0.6914774506952932, 3.990533033893281, 5.652391273416245, 2.7661924665081195, -2.0145055141475137, -4.294350992454182, -1.9772645497028385, 2.8064352244325406, 5.6586368187736875, 3.957039241084921, -0.7339165430259904, -4.101387419098448, -3.0493361935590446, 1.4549860886140977, -3.7840124765396412, 0.4233424474998415, 0.7624746575887675, -3.0784124362403054, -7.5680249530792825, -8.578633849855333, -5.1810899675342705, -0.49907948294569593, 1.1627787565772678, -1.723420050330858, -6.504118030986491, -8.783963509293159, -6.466877066541816, -1.6831772924064365, 1.1690243019347104, -0.5325732757540567, -5.223529059864967, -8.590999935937425, -7.538948710398022, -3.0346264282248794, -4.794621373315692, -0.5872664492762096, -0.2481342391872836, -4.0890213330163565, -8.578633849855333, -9.589242746631385, -6.191698864310322, -1.509688379721747, 0.15216985980121667, -2.7340289471069092, -7.514726927762542, -9.79457240606921, -7.477485963317867, -2.6937861891824877, 0.15841540515865926, -1.5431821725301078, -6.234137956641019, -9.601608832713477, -8.549557607174073, -4.045235325000931, -1.3970774909946293, 2.8102774330448534, 3.1494096431337795, -0.6914774506952932, -5.1810899675342705, -6.191698864310322, -2.7941549819892586, 1.887855502599316, 3.5497137421222797, 0.6635149352141538, -4.117183045441479, -6.397028523748147, -4.079942080996804, 0.7037576931385754, 3.5559592874797223, 1.8543617097909553, -2.836594074319956, -6.2040649503924135, -5.15201372485301, -0.6476914426798676, 3.2849329935939453, 7.492287917633428, 7.831420127722354, 3.990533033893281, -0.49907948294569593, -1.509688379721747, 1.887855502599316, 6.569865987187891, 8.231724226710854, 5.345525419802728, 0.5648274391470958, -1.7150180391595722, 0.6020684035917707, 5.38576817772715, 8.237969772068297, 6.536372194379529, 1.8454164102686188, -1.5220544658038389, -0.4700032402644352, 4.034319041908707, 4.946791233116909, 9.154146157156392, 9.493278367245317, 5.652391273416245, 1.1627787565772678, 0.15216985980121667, 3.5497137421222797, 8.231724226710854, 9.893582466233818, 7.007383659325692, 2.2266856786700595, -0.05315979963660844, 2.2639266431147345, 7.047626417250114, 9.89982801159126, 8.198230433902493, 3.5072746497915825, 0.1398037737191249, 1.1918549992585286, 5.6961772814316705, 2.060592426208783, 6.267947350248265, 6.607079560337192, 2.7661924665081195, -1.723420050330858, -2.7340289471069092, 0.6635149352141538, 5.345525419802728, 7.007383659325692, 4.121184852417566, -0.6595131282380664, -2.9393586065447344, -0.6222721637933915, 4.161427610341988, 7.013629204683134, 5.312031626994368, 0.6210758428834566, -2.746395033189001, -1.6943438076495974, 2.809978474523545, -2.7201055544468495, 1.4872493695926332, 1.8263815796815592, -2.0145055141475137, -6.504118030986491, -7.514726927762542, -4.117183045441479, 0.5648274391470958, 2.2266856786700595, -0.6595131282380664, -5.440211108893699, -7.720056587200367, -5.402970144449024, -0.6192703703136448, 2.232931224027502, 0.531333646338735, -4.1596221377721765, -7.527093013844634, -6.47504178830523, -1.9707195061320877, -4.9999510327535175, -0.7925961087140347, -0.4534638986251087, -4.294350992454182, -8.783963509293159, -9.79457240606921, -6.397028523748147, -1.7150180391595722, -0.05315979963660844, -2.9393586065447344, -7.720056587200367, -9.999902065507035, -7.682815622755692, -2.899115848620313, -0.046914254279165846, -1.748511831967933, -6.4394676160788435, -9.806938492151302, -8.754887266611899, -4.250564984438756, -2.6828645900021746, 1.5244903340373082, 1.8636225441262342, -1.9772645497028385, -6.466877066541816, -7.477485963317867, -4.079942080996804, 0.6020684035917707, 2.2639266431147345, -0.6222721637933915, -5.402970144449024, -7.682815622755692, -5.365729180004349, -0.5820294058689699, 2.270172188472177, 0.56857461078341, -4.122381173327501, -7.489852049399959, -6.437800823860555, -1.9334785416874127, 2.1008351841332047, 6.308190108172687, 6.6473223182616135, 2.8064352244325406, -1.6831772924064365, -2.6937861891824877, 0.7037576931385754, 5.38576817772715, 7.047626417250114, 4.161427610341988, -0.6192703703136448, -2.899115848620313, -0.5820294058689699, 4.201670368266409, 7.053871962607556, 5.35227438491879, 0.6613186008078782, -2.7061522752645795, -1.6541010497251758, 2.8502212324479665, 4.953036778474352, 9.160391702513834, 9.499523912602761, 5.6586368187736875, 1.1690243019347104, 0.15841540515865926, 3.5559592874797223, 8.237969772068297, 9.89982801159126, 7.013629204683134, 2.232931224027502, -0.046914254279165846, 2.270172188472177, 7.053871962607556, 9.906073556948703, 8.204475979259936, 3.513520195149025, 0.14604931907656749, 1.1981005446159712, 5.702422826789113, 3.2514392007855846, 7.458794124825067, 7.797926334913994, 3.957039241084921, -0.5325732757540567, -1.5431821725301078, 1.8543617097909553, 6.536372194379529, 8.198230433902493, 5.312031626994368, 0.531333646338735, -1.748511831967933, 0.56857461078341, 5.35227438491879, 8.204475979259936, 6.502878401571169, 1.811922617460258, -1.5555482586121996, -0.5034970330727959, 4.000825249100346, -1.4395165833253265, 2.7678383407141562, 3.1069705508030823, -0.7339165430259904, -5.223529059864967, -6.234137956641019, -2.836594074319956, 1.8454164102686188, 3.5072746497915825, 0.6210758428834566, -4.1596221377721765, -6.4394676160788435, -4.122381173327501, 0.6613186008078782, 3.513520195149025, 1.811922617460258, -2.879033166650653, -6.24650404272311, -5.194452817183707, -0.6901305350105648, -4.806987459397784, -0.5996325353583014, -0.2605003252693754, -4.101387419098448, -8.590999935937425, -9.601608832713477, -6.2040649503924135, -1.5220544658038389, 0.1398037737191249, -2.746395033189001, -7.527093013844634, -9.806938492151302, -7.489852049399959, -2.7061522752645795, 0.14604931907656749, -1.5555482586121996, -6.24650404272311, -9.613974918795568, -8.561923693256166, -4.057601411083023, -3.7549362338583805, 0.45241869018110226, 0.7915509002700283, -3.0493361935590446, -7.538948710398022, -8.549557607174073, -5.15201372485301, -0.4700032402644352, 1.1918549992585286, -1.6943438076495974, -6.47504178830523, -8.754887266611899, -6.437800823860555, -1.6541010497251758, 1.1981005446159712, -0.5034970330727959, -5.194452817183707, -8.561923693256166, -7.509872467716761, -3.0055501855436186, 0.7493860483147617, 4.956740972354244, 5.29587318244317, 1.4549860886140977, -3.0346264282248794, -4.045235325000931, -0.6476914426798676, 4.034319041908707, 5.6961772814316705, 2.809978474523545, -1.9707195061320877, -4.250564984438756, -1.9334785416874127, 2.8502212324479665, 5.702422826789113, 4.000825249100346, -0.6901305350105648, -4.057601411083023, -3.0055501855436186, 